MK,0,0,2025.05.27 2025年5月27日版,,,
MK,00009,0,アラクス,ｱﾗｸｽ,アラクス,アラクス
MK,00013,0,コーアイセイ,ｺｰｱｲｾｲ,コーアイセイ,コーアイセイ
MK,00017,0,住友製薬,ｽﾐﾄﾓｾｲ,住友製薬,スミトモセイヤク
MK,00020,0,岩城製薬,ｲﾜｷｾｲﾔ,岩城製薬,イワキセイヤク
MK,00022,0,宇治製薬,ｳｼﾞｾｲﾔ,宇治製薬,ウジセイヤク
MK,00028,0,エーザイ,ｴｰｻﾞｲ,エーザイ,エーザイ
MK,00030,0,大木製薬,ｵｵｷｾｲﾔ,大木製薬,オオキセイヤク
MK,00032,0,大杉製薬,ｵｵｽｷﾞｾ,大杉製薬,オオスギセイヤク
MK,00034,0,テイコクメディックス,ﾃｲｺｸﾒﾃ,テイコクＭ,テイコクメディックス
MK,00035,0,大塚製薬,ｵｵﾂｶｾｲ,大塚製薬,オオツカセイヤク
MK,00036,0,近江兄弟社,ｵｵﾐｷﾖｳ,近江兄弟社,オオミキョウダイシャ
MK,00039,0,小野薬品工業,ｵﾉﾔｸﾋﾝ,小野薬品,オノヤクヒンコウギョウ
MK,00040,0,カイゲンファーマ,ｶｲｹﾞﾝﾌ,カイゲンファーマ,カイゲンファーマ
MK,00042,0,科研製薬,ｶｹﾝｾｲﾔ,科研製薬,カケンセイヤク
MK,00045,0,クラシエ薬品,ｸﾗｼｴﾔｸ,クラシエ薬品,クラシエヤクヒン
MK,00047,0,サンファーマ,ｻﾝﾌｱｰﾏ,サンファーマ,サンファーマ
MK,00051,0,キッセイ薬品工業,ｷﾂｾｲﾔｸ,キッセイ,キッセイヤクヒンコウギョウ
MK,00055,0,京都薬品工業,ｷﾖｳﾄﾔｸ,京都薬工,キョウトヤクヒンコウギョウ
MK,00057,0,協和キリン,ｷﾖｳﾜｷﾘ,協和キリン,キョウワキリン
MK,00058,0,共和薬品工業,ｷﾖｳﾜﾔｸ,共和薬品,キョウワヤクヒンコウギョウ
MK,00060,0,杏林製薬,ｷﾖｳﾘﾝｾ,杏林製薬,キョウリンセイヤク
MK,00064,0,グレラン製薬,ｸﾞﾚﾗﾝｾ,グレラン,グレランセイヤク
MK,00067,0,興和新薬,ｺｳﾜｼﾝﾔ,興和新薬,コウワシンヤク
MK,00071,0,寿製薬,ｺﾄﾌﾞｷｾ,寿,コトブキセイヤク
MK,00073,0,ネオクリティケア製薬,ﾈｵｸﾘﾃｲ,ネオクリティケア製薬,ネオクリティケアセイヤク
MK,00074,0,新新薬品工業,ｼﾝｼﾝﾔｸ,新新薬品工業,シンシンヤクヒンコウギョウ
MK,00076,0,阪本漢法製薬,ｻｶﾓﾄｶﾝ,阪本漢法,サカモトカンポウセイヤク
MK,00080,0,沢井製薬,ｻﾜｲｾｲﾔ,沢井製薬,サワイセイヤク
MK,00081,0,第一三共,ﾀﾞｲｲﾁｻ,第一三共,ダイイチサンキョウ
MK,00084,0,参天製薬,ｻﾝﾃﾝｾｲ,参天製薬,サンテンセイヤク
MK,00086,0,三和化学研究所,ｻﾝﾜｶｶﾞ,三和化学,サンワカガクケンキュウショ
MK,00087,0,塩野義製薬,ｼｵﾉｷﾞ,塩野義,シオノギ
MK,00090,0,味の素メディカ,ｱｼﾞﾉﾓﾄ,味の素メディカ,アジノモトメディカ
MK,00094,0,ジーシー昭和薬品,ｼﾞｰｼｰｼ,ジーシー昭和薬品,ジーシーショウワヤクヒン
MK,00097,0,伸和製薬,ｼﾝﾜｾｲﾔ,伸和製薬,シンワセイヤク
MK,00098,0,トクホン,ﾄｸﾎﾝ,トクホン,トクホン
MK,00100,0,生晃栄養薬品,ｾｲｺｳｴｲ,生晃栄養,セイコウエイヨウヤクヒン
MK,00103,0,ゼリア新薬工業,ｾﾞﾘｱｼﾝ,ゼリア新薬,ゼリアシンヤクコウギョウ
MK,00104,0,全星薬品工業,ｾﾞﾝｾｲﾔ,全星薬工,ゼンセイヤクヒンコウギョウ
MK,00107,0,第一製薬,ﾀﾞｲｲﾁｾ,第一製薬,ダイイチセイヤク
MK,00108,0,第一薬品産業,ﾀﾞｲｲﾁﾔ,第一薬品産業,ダイイチヤクヒンサンギョウ
MK,00112,0,武田テバ薬品,ﾀｹﾀﾞﾃﾊ,武田テバ薬品,タケダテバヤクヒン
MK,00114,0,ファイザー,ﾌｱｲｻﾞｰ,ファイザー,ファイザー
MK,00115,0,大日本除虫菊,ﾀﾞｲﾆﾎﾝ,大日本除虫菊,ダイニホンジョチュウギク
MK,00116,0,住友ファーマ,ｽﾐﾄﾓﾌｱ,住友ファーマ,スミトモファーマ
MK,00117,0,大鵬薬品工業,ﾀｲﾎｳﾔｸ,大鵬薬品,タイホウヤクヒンコウギョウ
MK,00118,0,武田テバファーマ,ﾀｹﾀﾞﾃﾊ,武田テバファーマ,タケダテバファーマ
MK,00120,0,高田製薬,ﾀｶﾀｾｲﾔ,高田製薬,タカタセイヤク
MK,00122,0,ニプロジェネファ,ﾆﾌﾟﾛｼﾞ,ニプロジェネファ,ニプロジェネファ
MK,00123,0,武田薬品工業,ﾀｹﾀﾞﾔｸ,武田薬品,タケダヤクヒンコウギョウ
MK,00124,0,辰巳化学,ﾀﾂﾐｶｶﾞ,辰巳化学,タツミカガク
MK,00126,0,建林松鶴堂,ﾀﾃﾊﾞﾔｼ,建林松鶴堂,タテバヤシショウカクドウ
MK,00128,0,田辺三菱製薬,ﾀﾅﾍﾞﾐﾂ,田辺三菱製薬,タナベミツビシセイヤク
MK,00131,0,玉川衛材,ﾀﾏｶﾞﾜｴ,玉川衛材,タマガワエイザイ
MK,00136,0,中外製薬,ﾁﾕｳｶﾞｲ,中外製薬,チュウガイセイヤク
MK,00138,0,ツムラ,ﾂﾑﾗ,ツムラ,ツムラ
MK,00141,0,あすか製薬,ｱｽｶｾｲﾔ,あすか製薬,アスカセイヤク
MK,00142,0,トーアエイヨー,ﾄｰｱｴｲﾖ,トーアエイヨー,トーアエイヨー
MK,00146,0,三菱東京製薬,ﾐﾂﾋﾞｼﾄ,三菱東京製薬,ミツビシトウキョウセイヤク
MK,00149,0,同仁医薬化工,ﾄﾞｳｼﾞﾝ,同仁医薬,ドウジンイヤクカコウ
MK,00151,0,東菱薬販,ﾄｳﾋﾞｼﾔ,東菱薬販,トウビシヤクハン
MK,00153,0,旭化成ファーマ,ｱｻﾋｶｾｲ,旭化成ファーマ,アサヒカセイファーマ
MK,00154,0,キョーリンリメディオ,ｷﾖｰﾘﾝﾘ,キョーリンリメディオ,キョーリンリメディオ
MK,00155,0,東和薬品,ﾄｳﾜﾔｸﾋ,東和薬品,トウワヤクヒン
MK,00156,0,常盤薬品工業,ﾄｷﾜﾔｸﾋ,常盤薬工,トキワヤクヒンコウギョウ
MK,00157,0,富山化学工業,ﾄﾔﾏｶｶﾞ,富山化学,トヤマカガクコウギョウ
MK,00158,0,鳥居薬品,ﾄﾘｲﾔｸﾋ,鳥居薬品,トリイヤクヒン
MK,00165,0,日研化学,ﾆﾂｹﾝｶｶ,日研化学,ニッケンカガク
MK,00167,0,ニチバン,ﾆﾁﾊﾞﾝ,ニチバン,ニチバン
MK,00169,0,ファルマシア,ﾌｱﾙﾏｼｱ,ファルマシア,ファルマシア
MK,00170,0,日本化薬,ﾆﾂﾎﾟﾝｶ,日本化薬,ニッポンカヤク
MK,00171,0,日本ケミファ,ﾆﾂﾎﾟﾝｹ,日本ケミファ,ニッポンケミファ
MK,00172,0,日本シエーリング,ﾆﾎﾝｼｴｰ,日本シエーリング,ニホンシエーリング
MK,00173,0,日本新薬,ﾆﾂﾎﾟﾝｼ,日本新薬,ニッポンシンヤク
MK,00174,0,日本臓器製薬,ﾆﾂﾎﾟﾝｿ,日本臓器,ニッポンゾウキ
MK,00175,0,日本チバガイギー,ﾆﾎﾝﾁﾊﾞ,日本チバガイギー,ニホンチバガイギー
MK,00180,0,日本ロシュ,ﾆﾎﾝﾛｼﾕ,日本ロシュ,ニホンロシュ
MK,00183,0,エムジーファーマ,ｴﾑｼﾞｰﾌ,エムジーファーマ,エムジーファーマ
MK,00185,0,ＭＳＤ,ｴﾑｴｽﾃﾞ,ＭＳＤ,エムエスディ
MK,00186,0,光製薬,ﾋｶﾘｾｲﾔ,光製薬,ヒカリセイヤク
MK,00188,0,久光製薬,ﾋｻﾐﾂｾｲ,久光製薬,ヒサミツセイヤク
MK,00190,0,ニプロ,ﾆﾌﾟﾛ,ニプロ,ニプロ
MK,00191,0,ビタカイン製薬,ﾋﾞﾀｶｲﾝ,ビタカイン,ビタカインセイヤク
MK,00195,0,藤沢薬品工業,ﾌｼﾞｻﾜﾔ,藤沢薬品,フジサワヤクヒンコウギョウ
MK,00196,0,藤本製薬,ﾌｼﾞﾓﾄｾ,藤本製薬,フジモトセイヤク
MK,00197,0,扶桑薬品工業,ﾌｿｳﾔｸﾋ,扶桑薬品,フソウヤクヒンコウギョウ
MK,00199,0,サノフィ,ｻﾉﾌｲ,サノフィ,サノフィ
MK,00202,0,マイラン製薬,ﾏｲﾗﾝｾｲ,マイラン製薬,マイランセイヤク
MK,00204,0,北陸製薬,ﾎｸﾘｸｾｲ,北陸製薬,ホクリクセイヤク
MK,00210,0,摩耶堂製薬,ﾏﾔﾄﾞｳｾ,摩耶堂,マヤドウセイヤク
MK,00211,0,丸石製薬,ﾏﾙｲｼｾｲ,丸石製薬,マルイシセイヤク
MK,00212,0,マルコ製薬,ﾏﾙｺｾｲﾔ,マルコ,マルコセイヤク
MK,00213,0,マルホ,ﾏﾙﾎ,マルホ,マルホ
MK,00222,0,Ｍｅｉｊｉ　Ｓｅｉｋａ　ファルマ,ﾒｲｼﾞｾｲ,ＭｅｉｊｉＳｅｉｋａ,メイジセイカファルマ
MK,00224,0,持田製薬,ﾓﾁﾀﾞｾｲ,持田製薬,モチダセイヤク
MK,00225,0,模範薬品研究所,ﾓﾊﾝﾔｸﾋ,模範研究所,モハンヤクヒンケンキュウショ
MK,00227,0,森下仁丹,ﾓﾘｼﾀｼﾞ,森下仁丹,モリシタジンタン
MK,00232,0,山崎帝国堂,ﾔﾏｻﾞｷﾃ,山崎帝国堂,ヤマザキテイコクドウ
MK,00233,0,アステラス製薬,ｱｽﾃﾗｽｾ,アステラス製薬,アステラスセイヤク
MK,00235,0,祐徳薬品工業,ﾕｳﾄｸﾔｸ,祐徳薬品,ユウトクヤクヒン
MK,00237,0,三菱ウェルファーマ,ﾐﾂﾋﾞｼｳ,三菱ウェルファーマ,ミツビシウェルファーマ
MK,00240,0,龍角散,ﾘﾕｳｶｸｻ,龍角散,リュウカクサン
MK,00243,0,わかもと製薬,ﾜｶﾓﾄｾｲ,わかもと,ワカモトセイヤク
MK,00244,0,アサヒグループ食品,ｱｻﾋｸﾞﾙ,アサヒグループ食品,アサヒグループショクヒン
MK,00246,0,グラクソ・スミスクライン,ｸﾞﾗｸｿｽ,ＧＳＫ,グラクソスミスクライン
MK,00248,0,日清キョーリン製薬,ﾆﾂｼﾝｷﾖ,日清キョーリン,ニッシンキョーリンセイヤク
MK,00261,0,サンスター,ｻﾝｽﾀｰ,サンスター,サンスター
MK,00264,0,日本製薬,ﾆﾎﾝｾｲﾔ,日本製薬,ニホンセイヤク
MK,00266,0,エビス製薬,ｴﾋﾞｽｾｲ,エビス製薬,エビスセイヤク
MK,00271,0,鶴原製薬,ﾂﾙﾊﾗｾｲ,鶴原製薬,ツルハラセイヤク
MK,00272,0,佐藤薬品工業,ｻﾄｳﾔｸﾋ,佐藤薬工,サトウヤクヒンコウギョウ
MK,00274,0,アルフレッサファーマ,ｱﾙﾌﾚﾂｻ,アルフレッサファーマ,アルフレッサファーマ
MK,00279,0,ブリストル・マイヤーズ　スクイブ,ﾌﾞﾘｽﾄﾙ,ブリストルＭＳ,ブリストルマイヤーズスクイブ
MK,00280,0,化研生薬,ｶｹﾝｼﾖｳ,化研生薬,カケンショウヤク
MK,00284,0,ＫＭバイオロジクス,ｹｰｴﾑﾊﾞ,ＫＭバイオロジクス,ケーエムバイオロジクス
MK,00286,0,健栄製薬,ｹﾝｴｲｾｲ,健栄製薬,ケンエイセイヤク
MK,00287,0,藤永製薬,ﾌｼﾞﾅｶﾞ,藤永製薬,フジナガセイヤク
MK,00288,0,吉田製薬,ﾖｼﾀﾞｾｲ,吉田製薬,ヨシダセイヤク
MK,00290,0,日興製薬販売,ﾆﾂｺｳｾｲ,日興製販,ニッコウセイヤクハンバイ
MK,00291,0,日興製薬,ﾆﾂｺｳｾｲ,日興製薬,ニッコウセイヤク
MK,00292,0,タツミ薬品工業,ﾀﾂﾐﾔｸﾋ,タツミ,タツミヤクヒンコウギョウ
MK,00293,0,ナガセ医薬品,ﾅｶﾞｾｲﾔ,ナガセ医薬品,ナガセイヤクヒン
MK,00294,0,帝人ファーマ,ﾃｲｼﾞﾝﾌ,帝人ファーマ,テイジンファーマ
MK,00296,0,山善製薬,ﾔﾏｾﾞﾝｾ,山善製薬,ヤマゼンセイヤク
MK,00297,0,大成薬品工業,ﾀｲｾｲﾔｸ,大成薬工,タイセイヤクヒンコウギョウ
MK,00298,0,高杉製薬,ﾀｶｽｷﾞｾ,高杉製薬,タカスギセイヤク
MK,00300,0,エスエス製薬,ｴｽｴｽｾｲ,エスエス,エスエスセイヤク
MK,00301,0,小太郎漢方製薬,ｺﾀﾛｳｶﾝ,小太郎漢方,コタロウカンポウセイヤク
MK,00303,0,東洋製薬化成,ﾄｳﾖｳｾｲ,東洋化成,トウヨウセイヤクカセイ
MK,00304,0,大峰堂薬品工業,ｵｵﾐﾈﾄﾞ,大峰堂,オオミネドウヤクヒンコウギョウ
MK,00305,0,全薬工業,ｾﾞﾝﾔｸｺ,全薬工業,ゼンヤクコウギョウ
MK,00306,0,大正製薬,ﾀｲｼﾖｳｾ,大正製薬,タイショウセイヤク
MK,00312,0,ミヤリサン製薬,ﾐﾔﾘｻﾝｾ,ミヤリサン製薬,ミヤリサンセイヤク
MK,00313,0,アスゲン製薬,ｱｽｹﾞﾝｾ,アスゲン,アスゲンセイヤク
MK,00316,0,佐藤製薬,ｻﾄｳｾｲﾔ,佐藤製薬,サトウセイヤク
MK,00318,0,明治薬品,ﾒｲｼﾞﾔｸ,明治薬品,メイジヤクヒン
MK,00320,0,堀井薬品工業,ﾎﾘｲﾔｸﾋ,堀井薬工,ホリイヤクヒンコウギョウ
MK,00321,0,伏見製薬,ﾌｼﾐｾｲﾔ,伏見製薬,フシミセイヤク
MK,00322,0,ヤクハン製薬,ﾔｸﾊﾝｾｲ,ヤクハン,ヤクハンセイヤク
MK,00323,0,長生堂製薬,ﾁﾖｳｾｲﾄ,長生堂,チョウセイドウセイヤク
MK,00324,0,帝三製薬,ﾃｲｻﾝｾｲ,帝三製薬,テイサンセイヤク
MK,00325,0,シェリング・プラウ,ｼｴﾘﾝｸﾞ,シェリングＰ,シェリングプラウ
MK,00327,0,三和生薬,ｻﾝﾜｼﾖｳ,三和生薬,サンワショウヤク
MK,00328,0,ジェイドルフ製薬,ｼﾞｴｲﾄﾞ,ジェイドルフ製薬,ジェイドルフセイヤク
MK,00333,0,中北薬品,ﾅｶｷﾀﾔｸ,中北薬品,ナカキタヤクヒン
MK,00334,0,本草製薬,ﾎﾝｿﾞｳｾ,本草製薬,ホンゾウセイヤク
MK,00335,0,リバテープ製薬,ﾘﾊﾞﾃｰﾌ,リバテープ製薬,リバテープセイヤク
MK,00336,0,小林薬品工業,ｺﾊﾞﾔｼﾔ,小林薬工,コバヤシヤクヒンコウギョウ
MK,00340,0,原沢製薬工業,ﾊﾗｻﾜｾｲ,原沢製工,ハラサワセイヤクコウギョウ
MK,00341,0,バイエル薬品,ﾊﾞｲｴﾙﾔ,バイエル,バイエルヤクヒン
MK,00343,0,皇漢堂製薬,ｺｳｶﾝﾄﾞ,皇漢堂,コウカンドウセイヤク
MK,00344,0,三恵薬品,ｻﾝｹｲﾔｸ,三恵薬品,サンケイヤクヒン
MK,00348,0,アトルファーマ,ｱﾄﾙﾌｱｰ,アトルファーマ,アトルファーマ
MK,00349,0,阪神局方,ﾊﾝｼﾝｷﾖ,阪神局方,ハンシンキョクホウ
MK,00350,0,テルモ,ﾃﾙﾓ,テルモ,テルモ
MK,00351,0,昭和製薬,ｼﾖｳﾜｾｲ,昭和製薬,ショウワセイヤク
MK,00354,0,月島薬品,ﾂｷｼﾏﾔｸ,月島薬品,ツキシマヤクヒン
MK,00356,0,東レ・メディカル,ﾄｳﾚﾒﾃﾞ,東レ・メディカル,トウレメディカル
MK,00358,0,ミナト製薬,ﾐﾅﾄｾｲﾔ,ミナト,ミナトセイヤク
MK,00359,0,ウチダ和漢薬,ｳﾁﾀﾞﾜｶ,ウチダ和漢薬,ウチダワカンヤク
MK,00371,0,小堺製薬,ｺｻｶｲｾｲ,小堺製薬,コサカイセイヤク
MK,00376,0,日医工,ﾆﾁｲｺｳ,日医工,ニチイコウ
MK,00383,0,オリエンタル薬品工業,ｵﾘｴﾝﾀﾙ,オリエンタル,オリエンタルヤクヒンコウギョウ
MK,00384,0,ライオン,ﾗｲｵﾝ,ライオン,ライオン
MK,00386,0,ワイス,ﾜｲｽ,ワイス,ワイス
MK,00387,0,三笠製薬,ﾐｶｻｾｲﾔ,三笠製薬,ミカサセイヤク
MK,00388,0,ムネ製薬,ﾑﾈｾｲﾔｸ,ムネ製薬,ムネセイヤク
MK,00390,0,山田製薬,ﾔﾏﾀﾞｾｲ,山田製薬,ヤマダセイヤク
MK,00391,0,協和新薬,ｷﾖｳﾜｼﾝ,協和新薬,キョウワシンヤク
MK,00394,0,東海製薬,ﾄｳｶｲｾｲ,東海製薬,トウカイセイヤク
MK,00399,0,テイカ製薬,ﾃｲｶｾｲﾔ,テイカ製薬,テイカセイヤク
MK,00400,0,純生薬品工業,ｼﾞﾕﾝｾｲ,純生薬工,ジュンセイヤクヒンコウギョウ
MK,00403,0,日野薬品工業,ﾋﾉﾔｸﾋﾝ,日野薬工,ヒノヤクヒンコウギョウ
MK,00404,0,安藤製薬,ｱﾝﾄﾞｳｾ,安藤製薬,アンドウセイヤク
MK,00407,0,大原薬品工業,ｵｵﾊﾗﾔｸ,大原薬品,オオハラヤクヒンコウギョウ
MK,00410,0,エーディア,ｴｰﾃﾞｲｱ,エーディア,エーディア
MK,00413,0,日本ベーリンガーインゲルハイム,ﾆﾎﾝﾍﾞｰ,日本ベーリンガー,ニホンベーリンガー
MK,00418,0,メディサ新薬,ﾒﾃﾞｲｻｼ,メディサ新薬,メディサシンヤク
MK,00421,0,ロートニッテン,ﾛｰﾄﾆﾂﾃ,ロートニッテン,ロートニッテン
MK,00423,0,明治,ﾒｲｼﾞ,明治,メイジ
MK,00424,0,ヤクルト本社,ﾔｸﾙﾄﾎﾝ,ヤクルト,ヤクルトホンシャ
MK,00428,0,日本イーライリリー,ﾆﾎﾝｲｰﾗ,日本イーライリリー,ニホンイーライリリー
MK,00429,0,東豊薬品,ﾄｳﾎｳﾔｸ,東豊薬品,トウホウヤクヒン
MK,00431,0,富士製薬工業,ﾌｼﾞｾｲﾔ,富士製工,フジセイヤクコウギョウ
MK,00435,0,東光薬品工業,ﾄｳｺｳﾔｸ,東光薬工,トウコウヤクヒンコウギョウ
MK,00436,0,小林化工,ｺﾊﾞﾔｼｶ,小林化工,コバヤシカコウ
MK,00437,0,宮澤薬品,ﾐﾔｻﾞﾜﾔ,宮沢薬品,ミヤザワヤクヒン
MK,00438,0,ジェーピーエス製薬,ｼﾞｴｰﾋﾟ,ＪＰＳ,ジェーピーエスセイヤク
MK,00439,0,アボットジャパン,ｱﾎﾞﾂﾄｼ,アボットジャパン,アボットジャパン
MK,00440,0,日本薬品工業,ﾆﾎﾝﾔｸﾋ,日本薬工,ニホンヤクヒンコウギョウ
MK,00443,0,ノバルティスファーマ,ﾉﾊﾞﾙﾃｲ,ノバルティスＰ,ノバルティスファーマ
MK,00445,0,甘糟化学産業,ｱﾏｶｽｶｶ,甘糟化学産業,アマカスカガクサンギョウ
MK,00447,0,日新製薬,ﾆﾂｼﾝｾｲ,日新製薬,ニッシンセイヤク
MK,00448,0,大蔵製薬,ｵｵｸﾗｾｲ,大蔵製薬,オオクラセイヤク
MK,00450,0,東和製薬,ﾄｳﾜｾｲﾔ,東和（和歌山）,トウワセイヤクワカヤマ
MK,00451,0,ダイト,ﾀﾞｲﾄ,ダイト,ダイト
MK,00452,0,二宮薬品工業,ﾆﾉﾐﾔﾔｸ,二宮薬工,ニノミヤヤクヒンコウギョウ
MK,00455,0,ミクニ化学産業,ﾐｸﾆｶｶﾞ,ミクニ化学産業,ミクニカガクサンギョウ
MK,00456,0,ヴァンティブ,ｳﾞｱﾝﾃｲ,ヴァンティブ,ヴァンティブ
MK,00457,0,松浦薬業,ﾏﾂｳﾗﾔｸ,松浦薬業,マツウラヤクギョウ
MK,00458,0,ニプロ,ﾆﾌﾟﾛ,ニプロ,ニプロ
MK,00461,0,長堀薬品,ﾅｶﾞﾎﾘﾔ,長堀薬品,ナガホリヤクヒン
MK,00462,0,今津薬品工業,ｲﾏﾂﾞﾔｸ,今津薬品,イマヅヤクヒン
MK,00463,0,ビーブランド・メディコ・デンタル,ﾋﾞｰﾌﾞﾗ,ビーブランドＭ,ビーブランドメディコ
MK,00464,0,ＪＣＲファーマ,ｼﾞｴｲｼｰ,ＪＣＲファーマ,ジェイシーアールファーマ
MK,00465,0,東洋薬行,ﾄｳﾖｳﾔｸ,東洋薬行,トウヨウヤクコウ
MK,00466,0,栃本天海堂,ﾄﾁﾓﾄﾃﾝ,栃本天海堂,トチモトテンカイドウ
MK,00467,0,鈴粉末薬品,ｽｽﾞﾌﾝﾏ,鈴粉末,スズフンマツヤクヒン
MK,00468,0,サンケミファ,ｻﾝｹﾐﾌｱ,サンケミファ,サンケミファ
MK,00469,0,福地製薬,ﾌｸﾁｾｲﾔ,福地製薬,フクチセイヤク
MK,00470,0,ザイダスファーマ,ｻﾞｲﾀﾞｽ,ザイダスファーマ,ザイダスファーマ
MK,00472,0,カーヤ,ｶｰﾔ,カーヤ,カーヤ
MK,00473,0,富士フイルム富山化学,ﾌｼﾞﾌｲﾙ,富士フイルム富山化学,フジフイルムトヤマカガク
MK,00474,0,剤盛堂薬品,ｻﾞｲｾｲﾄ,剤盛堂薬品,ザイセイドウヤクヒン
MK,00475,0,大石膏盛堂,ｵｵｲｼｺｳ,大石膏盛堂,オオイシコウセイドウ
MK,00476,0,陽進堂,ﾖｳｼﾝﾄﾞ,陽進堂,ヨウシンドウ
MK,00477,0,カナダ薬品工業,ｶﾅﾀﾞﾔｸ,カナダ薬品工業,カナダヤクヒンコウギョウ
MK,00480,0,日本生物製剤,ﾆﾎﾝｾｲﾌ,日本生物製剤,ニホンセイブツセイザイ
MK,00481,0,富士フイルム和光純薬,ﾌｼﾞﾌｲﾙ,富士フイルム和光純薬,フジフイルムワコウジュンヤク
MK,00482,0,ジョンソン・エンド・ジョンソン,ｼﾞﾖﾝｿﾝ,Ｊ＆Ｊ,ジョンソンエンドジョンソン
MK,00483,0,日本アルコン,ﾆﾎﾝｱﾙｺ,日本アルコン,ニホンアルコン
MK,00485,0,新日本薬品,ｼﾝﾆﾂﾎﾟ,新日本薬品,シンニッポンヤクヒン
MK,00487,0,タカミツ,ﾀｶﾐﾂ,タカミツ,タカミツ
MK,00488,0,ＳＢカワスミ,ｴｽﾋﾞｰｶ,ＳＢカワスミ,エスビーカワスミ
MK,00489,0,日本メジフィジックス,ﾆﾎﾝﾒｼﾞ,日本メジフィジックス,ニホンメジフィジックス
MK,00490,0,コニシ,ｺﾆｼ,コニシ,コニシ
MK,00492,0,富田製薬,ﾄﾐﾀｾｲﾔ,富田製薬,トミタセイヤク
MK,00493,0,雪印ビーンスターク,ﾕｷｼﾞﾙｼ,雪印ビーンスターク,ユキジルシビーンスターク
MK,00494,0,ジェイエムエス,ｼﾞｴｲｴﾑ,ジェイエムエス,ジェイエムエス
MK,00496,0,メルクバイオファーマ,ﾒﾙｸﾊﾞｲ,メルクバイオファーマ,メルクバイオファーマ
MK,00497,0,日東メディック,ﾆﾂﾄｳﾒﾃ,日東メディック,ニットウメディック
MK,00501,0,日本ビーシージー製造,ﾆﾎﾝﾋﾞｰ,日本ＢＣＧ製造,ニホンビーシージーセイゾウ
MK,00503,0,デンカ,ﾃﾞﾝｶ,デンカ,デンカ
MK,00505,0,日本ヘルス,ﾆﾎﾝﾍﾙｽ,日本ヘルス,ニホンヘルス
MK,00508,0,日本ビーシージー製造,ﾆﾎﾝﾋﾞｰ,日本ＢＣＧ製造,ニホンビーシージーセイゾウ
MK,00510,0,共栄製薬,ｷﾖｳｴｲｾ,共栄製薬,キョウエイセイヤク
MK,00513,0,太虎精堂製薬,ﾀｲｺｾｲﾄ,太虎精堂製薬,タイコセイドウセイヤク
MK,00514,0,日韓高麗人参,ﾆﾂｶﾝｺｳ,日韓高麗人参,ニッカンコウライニンジン
MK,00516,0,紀伊国屋漢薬局,ｷﾉｸﾆﾔｶ,紀伊国屋漢薬局,キノクニヤカンヤッキョク
MK,00519,0,東邦化学研究所,ﾄｳﾎｳｶｶ,東邦化学研究所,トウホウカガクケンキュウショ
MK,00520,0,クリーンケミカル,ｸﾘｰﾝｹﾐ,クリーンケミカル,クリーンケミカル
MK,00522,0,昭和エーテル,ｼﾖｳﾜｴｰ,昭和エーテル,ショウワエーテル
MK,00523,0,司生堂製薬,ｼｾｲﾄﾞｳ,司生堂製薬,シセイドウセイヤク
MK,00524,0,富士薬品,ﾌｼﾞﾔｸﾋ,富士薬品,フジヤクヒン
MK,00525,0,日本赤十字社,ﾆﾎﾝｾｷｼ,日本赤十字社,ニホンセキジュウジシャ
MK,00527,0,小西製薬,ｺﾆｼｾｲﾔ,小西製薬,コニシセイヤク
MK,00529,0,東洋カプセル,ﾄｳﾖｳｶﾌ,東洋カプセル,トウヨウカプセル
MK,00530,0,ＭＡＥ,ﾏｴ,ＭＡＥ,マエ
MK,00541,0,生化学工業,ｾｲｶｶﾞｸ,生化学工業,セイカガクコウギョウ
MK,00543,0,シオノケミカル,ｼｵﾉｹﾐｶ,シオノケミカル,シオノケミカル
MK,00546,0,メルスモン製薬,ﾒﾙｽﾓﾝｾ,メルスモン,メルスモンセイヤク
MK,00556,0,兼一薬品工業,ｶﾈｲﾁﾔｸ,兼一薬品,カネイチヤクヒン
MK,00561,0,富士カプセル,ﾌｼﾞｶﾌﾟ,富士カプセル,フジカプセル
MK,00564,0,シー・エイチ・オー新薬,ｼｰｴｲﾁｵ,ＣＨＯ新薬,シーエイチオーシンヤク
MK,00574,0,高砂薬業,ﾀｶｻｺﾞﾔ,高砂薬業,タカサゴヤクギョウ
MK,00580,0,スリーエムジャパン,ｽﾘｰｴﾑｼ,スリーエムジャパン,スリーエムジャパン
MK,00586,0,小池メディカル,ｺｲｹﾒﾃﾞ,小池メディカル,コイケメディカル
MK,00597,0,大興製薬,ﾀﾞｲｺｳｾ,大興製薬,ダイコウセイヤク
MK,00598,0,東邦新薬,ﾄｳﾎｳｼﾝ,東邦新薬,トウホウシンヤク
MK,00601,0,川本産業,ｶﾜﾓﾄｻﾝ,川本産業,カワモトサンギョウ
MK,00605,0,ケミックス,ｹﾐﾂｸｽ,ケミックス,ケミックス
MK,00610,0,日本ガレン,ﾆﾎﾝｶﾞﾚ,日本ガレン,ニホンガレン
MK,00614,0,サンド,ｻﾝﾄﾞ,サンド,サンド
MK,00616,0,ノボノルディスクファーマ,ﾉﾎﾞﾉﾙﾃ,ノボノルディスクＰ,ノボノルディスクファーマ
MK,00617,0,エイエムオー・ジャパン,ｴｲｴﾑｵｰ,エイエムオー,エイエムオー
MK,00620,0,北里薬品産業,ｷﾀｻﾄﾔｸ,北里薬品産業,キタサトヤクヒンサンギョウ
MK,00623,0,エルメッド,ｴﾙﾒﾂﾄﾞ,エルメッド,エルメッド
MK,00626,0,キリンファーマ,ｷﾘﾝﾌｱｰ,キリンファーマ,キリンファーマ
MK,00628,0,ジェンザイム・ジャパン,ｼﾞｴﾝｻﾞ,ジェンザイムＪ,ジェンザイムジャパン
MK,00631,0,乾商事,ｲﾇｲｼﾖｳ,乾商事,イヌイショウジ
MK,00634,0,太田製薬,ｵｵﾀｾｲﾔ,太田製薬,オオタセイヤク
MK,00639,0,コニカミノルタ,ｺﾆｶﾐﾉﾙ,コニカミノルタ,コニカミノルタ
MK,00640,0,共立製薬,ｷﾖｳﾘﾂｾ,共立製薬,キョウリツセイヤク
MK,00641,0,帝國製薬,ﾃｲｺｸｾｲ,帝國製薬,テイコクセイヤク
MK,00645,0,井藤漢方製薬,ｲﾄｳｶﾝﾎ,井藤漢方,イトウカンポウセイヤク
MK,00646,0,興和,ｺｳﾜ,興和,コウワ
MK,00647,0,白井松新薬,ｼﾗｲﾏﾂｼ,白井松新薬,シライマツシンヤク
MK,00650,0,アストラゼネカ,ｱｽﾄﾗｾﾞ,アストラゼネカ,アストラゼネカ
MK,00652,0,ソーム,ｿｰﾑ,ソーム,ソーム
MK,00653,0,日産化学工業,ﾆﾂｻﾝｶｶ,日産化学,ニッサンカガクコウギョウ
MK,00660,0,ハイゾン製薬,ﾊｲｿﾞﾝｾ,ハイゾン,ハイゾンセイヤク
MK,00661,0,昭栄,ｼﾖｳｴｲ,昭栄,ショウエイ
MK,00667,0,オリンパスプロマーケティング,ｵﾘﾝﾊﾟｽ,オリンパス,オリンパスプロマーケティング
MK,00669,0,ニデック,ﾆﾃﾞﾂｸ,ニデック,ニデック
MK,00671,0,日機装,ﾆﾂｷｿｳ,日機装,ニッキソウ
MK,00672,0,ヤンセンファーマ,ﾔﾝｾﾝﾌｱ,ヤンセンファーマ,ヤンセンファーマ
MK,00682,0,日本オルガノン,ﾆﾂﾎﾟﾝｵ,日本オルガノン,ニッポンオルガノン
MK,00685,0,アスビオファーマ,ｱｽﾋﾞｵﾌ,アスビオファーマ,アスビオファーマ
MK,00693,0,池田薬品工業,ｲｹﾀﾞﾔｸ,池田薬品工業,イケダヤクヒンコウギョウ
MK,00694,0,和薬,ﾜﾔｸ,和薬,ワヤク
MK,00696,0,サラヤ,ｻﾗﾔ,サラヤ,サラヤ
MK,00699,0,ＥＡファーマ,ｲｰｴｰﾌｱ,ＥＡファーマ,イーエーファーマ
MK,00700,0,ユーシービージャパン,ﾕｰｼｰﾋﾞ,ユーシービーＪ,ユーシービージャパン
MK,00701,0,花王,ｶｵｳ,花王,カオウ
MK,00706,0,アサヒフードアンドヘルスケア,ｱｻﾋﾌｰﾄ,アサヒＦ＆Ｈ,アサヒフードアンドヘルスケア
MK,00707,0,フレゼニウスメディカルケアジャパン,ﾌﾚｾﾞﾆｳ,フレゼニウスＭ,フレゼニウスメディカルケアジャパン
MK,00709,0,ＮＩＳＳＨＡゾンネボード製薬,ｿﾞﾝﾈﾎﾞ,ゾンネボード製薬,ゾンネボードセイヤク
MK,00710,0,ゲルベ・ジャパン,ｹﾞﾙﾍﾞｼ,ゲルベジャパン,ゲルベジャパン
MK,00713,0,ＤＳファーマプロモ,ﾃﾞｲｰｴｽ,ＤＳファーマプロモ,ディーエスファーマプロモ
MK,00716,0,大晃生薬,ﾀﾞｲｺｳｼ,大晃生薬,ダイコウショウヤク
MK,00718,0,安西メディカル,ｱﾝｻﾞｲﾒ,安西メディカル,アンザイメディカル
MK,00722,0,日本エア・リキード,ﾆﾎﾝｴｱﾘ,日本エア・リキード,ニホンエアリキード
MK,00723,0,住友精化,ｽﾐﾄﾓｾｲ,住友精化,スミトモセイカ
MK,00725,0,日本ファーマ・プロモーション,ﾆﾎﾝﾌｱｰ,日本ファーマプロ,ニホンファーマプロモーション
MK,00727,0,太平化学産業,ﾀｲﾍｲｶｶ,太平化学産業,タイヘイカガクサンギョウ
MK,00731,0,ＣＳＬベーリング,ｼｰｴｽｴﾙ,ＣＳＬベーリング,シーエスエルベーリング
MK,00732,0,マグミット製薬,ﾏｸﾞﾐﾂﾄ,マグミット製薬,マグミットセイヤク
MK,00734,0,日本歯科薬品,ﾆﾎﾝｼｶﾔ,日本歯科薬品,ニホンシカヤクヒン
MK,00735,0,メディキット,ﾒﾃﾞｲｷﾂ,メディキット,メディキット
MK,00736,0,アグサジャパン,ｱｸﾞｻｼﾞ,アグサジャパン,アグサジャパン
MK,00738,0,アルフレッサ,ｱﾙﾌﾚﾂｻ,アルフレッサ,アルフレッサ
MK,00741,0,デンツプライシロナ,ﾃﾞﾝﾂﾌﾟ,デンツプライシロナ,デンツプライシロナ
MK,00742,0,コヴィディエンジャパン,ｺｳﾞｲﾃﾞ,コヴィディエンＪ,コヴィディエンジャパン
MK,00745,0,アラガン,ｱﾗｶﾞﾝ,アラガン,アラガン
MK,00748,0,ヤンセンファーマ,ﾔﾝｾﾝﾌｱ,ヤンセンファーマ,ヤンセンファーマ
MK,00749,0,メルク,ﾒﾙｸ,メルク,メルク
MK,00751,0,フヂミ製薬所,ﾌﾁﾞﾐｾｲ,フヂミ製薬所,フヂミセイヤクショ
MK,00758,0,大正富山医薬品,ﾀｲｼﾖｳﾄ,大正富山医薬品,タイショウトヤマイヤクヒン
MK,00761,0,和歌山酸素,ﾜｶﾔﾏｻﾝ,和歌山酸素,ワカヤマサンソ
MK,00770,0,興和,ｺｳﾜ,興和,コウワ
MK,00777,0,スミス・アンド・ネフュー,ｽﾐｽｱﾝﾄ,スミスアンドネフュー,スミスアンドネフュー
MK,00778,0,インテンディス,ｲﾝﾃﾝﾃﾞ,インテンディス,インテンディス
MK,00782,0,エフピー,ｴﾌﾋﾟｰ,エフピー,エフピー
MK,00785,0,イーエヌ大塚製薬,ｲｰｴﾇｵｵ,イーエヌ大塚製薬,イーエヌオオツカセイヤク
MK,00789,0,ホスピーラ・ジャパン,ﾎｽﾋﾟｰﾗ,ホスピーラ・ジャパン,ホスピーラジャパン
MK,00792,0,日本ジェネリック,ﾆﾎﾝｼﾞｴ,日本ジェネリック,ニホンジェネリック
MK,00794,0,アグリス,ｱｸﾞﾘｽ,アグリス,アグリス
MK,00798,0,バイオジェン・ジャパン,ﾊﾞｲｵｼﾞ,バイオジェン・Ｊ,バイオジェンジャパン
MK,00799,0,第一三共プロファーマ,ﾀﾞｲｲﾁｻ,第一三共プロファーマ,ダイイチサンキョウプロファーマ
MK,00801,0,アンジェス,ｱﾝｼﾞｴｽ,アンジェス,アンジェス
MK,00802,0,フェリング・ファーマ,ﾌｴﾘﾝｸﾞ,フェリング・ファーマ,フェリングファーマ
MK,00804,0,大興製薬,ﾀﾞｲｺｳｾ,大興製薬,ダイコウセイヤク
MK,00805,0,フレゼニウスカービジャパン,ﾌﾚｾﾞﾆｳ,フレゼニウスカービＪ,フレゼニウスカービジャパン
MK,00809,0,ビオメディクス,ﾋﾞｵﾒﾃﾞ,ビオメディクス,ビオメディクス
MK,00813,0,ニプロＥＳファーマ,ﾆﾌﾟﾛｲｰ,ニプロＥＳファーマ,ニプロイーエスファーマ
MK,00814,0,ミノファーゲン製薬,ﾐﾉﾌｱｰｹ,ミノファーゲン,ミノファーゲンセイヤク
MK,00820,0,コーアバイオテックベイ,ｺｰｱﾊﾞｲ,コーアバイオテック,コーアバイオテック
MK,00821,0,興和テバ,ｺｳﾜﾃﾊﾞ,興和テバ,コウワテバ
MK,00823,0,セルジーン,ｾﾙｼﾞｰﾝ,セルジーン,セルジーン
MK,00827,0,アレクシオンファーマ,ｱﾚｸｼｵﾝ,アレクシオンファーマ,アレクシオンファーマ
MK,00828,0,富士フイルムファーマ,ﾌｼﾞﾌｲﾙ,富士フイルムファーマ,フジフイルムファーマ
MK,00836,0,アッヴィ,ｱﾂｳﾞｲ,アッヴィ,アッヴィ
MK,00845,0,フォーカス,ﾌｵｰｶｽ,フォーカス,フォーカス
MK,00846,0,ノーベルファーマ,ﾉｰﾍﾞﾙﾌ,ノーベルファーマ,ノーベルファーマ
MK,00850,0,興和,ｺｳﾜ,興和,コウワ
MK,00851,0,ガルデルマ,ｶﾞﾙﾃﾞﾙ,ガルデルマ,ガルデルマ
MK,00852,0,日医工サノフィ,ﾆﾁｲｺｳｻ,日医工サノフィ,ニチイコウサノフィ
MK,00853,0,大塚製薬工場,ｵｵﾂｶｾｲ,大塚製薬工場,オオツカセイヤクコウジョウ
MK,00857,0,アッヴィ,ｱﾂｳﾞｲ,アッヴィ,アッヴィ
MK,00858,0,オーファンパシフィック,ｵｰﾌｱﾝﾊ,オーファンＰ,オーファンパシフィック
MK,00861,0,マリンクロットジャパン,ﾏﾘﾝｸﾛﾂ,マリンクロットＪ,マリンクロットジャパン
MK,00863,0,Ａｃｔａｖｉｓ,ｱｸﾀﾋﾞｽ,Ａｃｔａｖｉｓ,アクタビス
MK,00864,0,ＳＢＩファーマ,ｴｽﾋﾞｰｱ,ＳＢＩファーマ,エスビーアイファーマ
MK,00866,0,千寿製薬,ｾﾝｼﾞﾕｾ,千寿製薬,センジュセイヤク
MK,00867,0,日本血液製剤機構,ﾆﾎﾝｹﾂｴ,日本血液製剤機構,ニホンケツエキセイザイキコウ
MK,00870,0,レクメド,ﾚｸﾒﾄﾞ,レクメド,レクメド
MK,00873,0,サンファーマ,ｻﾝﾌｱｰﾏ,サンファーマ,サンファーマ
MK,00878,0,シャイアー・ジャパン,ｼﾔｲｱｰｼ,シャイアー・ジャパン,シャイアージャパン
MK,00880,0,ＡＥＧＥＲＩＯＮ　ＰＨＡＲＭＡＣＥＵＴＩＣＡＬＳ,ｴｰｼﾞｴﾘ,エージェリオンＰ,エージェリオンファーマシューティカルズ
MK,00882,0,バイオマリンファーマシューティカルジャパン,ﾊﾞｲｵﾏﾘ,バイオマリン,バイオマリン
MK,00883,0,ナガセ医薬品,ﾅｶﾞｾｲﾔ,ナガセ医薬品,ナガセイヤクヒン
MK,00884,0,ギリアド・サイエンシズ,ｷﾞﾘｱﾄﾞ,ギリアドサイエンシズ,ギリアドサイエンシズ
MK,00885,0,共創未来ファーマ,ｷﾖｳｿｳﾐ,共創未来ファーマ,キョウソウミライファーマ
MK,00886,0,サンドファーマ,ｻﾝﾄﾞﾌｱ,サンドファーマ,サンドファーマ
MK,00887,0,ボシュロム・ジャパン,ﾎﾞｼﾕﾛﾑ,ボシュロム・ジャパン,ボシュロムジャパン
MK,00888,0,ヴィアトリス・ヘルスケア,ｳﾞｲｱﾄﾘ,ヴィアトリスＨＣ,ヴィアトリスヘルスケア
MK,00889,0,セルトリオン・ヘルスケア・ジャパン,ｾﾙﾄﾘｵﾝ,セルトリオン,セルトリオンヘルスケアジャパン
MK,00890,0,日本メダック,ﾆﾂﾎﾟﾝﾒ,日本メダック,ニッポンメダック
MK,00891,0,ツキオカフィルム製薬,ﾂｷｵｶﾌｲ,ツキオカフィルム,ツキオカフィルム
MK,00892,0,テルモ,ﾃﾙﾓ,テルモ,テルモ
MK,00893,0,シャイアー・ジャパン,ｼﾔｲｱｰｼ,シャイアー・ジャパン,シャイアー・ジャパン
MK,00894,0,ハンルイ医薬,ﾊﾝﾙｲｲﾔ,ハンルイ医薬,ハンルイイヤク
MK,00895,0,オオサキメディカル,ｵｵｻｷﾒﾃ,オオサキメディカル,オオサキメディカル
MK,00896,0,あゆみ製薬,ｱﾕﾐｾｲﾔ,あゆみ製薬,アユミセイヤク
MK,00897,0,江州製薬,ｺﾞｳｼﾕｳ,江州製薬,ゴウシュウセイヤク
MK,00898,0,リョートーファイン,ﾘﾖｰﾄｰﾌ,リョートーファイン,リョートーファイン
MK,00901,0,ヴィアトリス製薬,ｳﾞｲｱﾄﾘ,ヴィアトリス,ヴィアトリス
MK,00906,0,ムンディファーマ,ﾑﾝﾃﾞｲﾌ,ムンディファーマ,ムンディファーマ
MK,00907,0,廣貫堂,ｺｳｶﾝﾄﾞ,廣貫堂,コウカンドウ
MK,00909,0,クリニジェン,ｸﾘﾆｼﾞｴ,クリニジェン,クリニジェン
MK,00912,0,バイオベラティブ・ジャパン,ﾊﾞｲｵﾍﾞ,バイオベラティブ・Ｊ,バイオベラティブジャパン
MK,00915,0,富士化学工業,ﾌｼﾞｶｶﾞ,富士化学工業,フジカガクコウギョウ
MK,00916,0,Ｍｅファルマ,ｴﾑｲｰﾌｱ,Ｍｅファルマ,エムイーファルマ
MK,00919,0,ＬＴＬファーマ,ｴﾙﾃｲｰｴ,ＬＴＬファーマ,エルティーエルファーマ
MK,00921,0,Ａｍｉｃｕｓ　Ｔｈｅｒａｐｅｕｔｉｃｓ,ｱﾐｶｽｾﾗ,Ａｍｉｃｕｓ・Ｔ,アミカスセラピューティクス
MK,00923,0,フェルゼンファーマ,ﾌｴﾙｾﾞﾝ,フェルゼンファーマ,フェルゼンファーマ
MK,00925,0,太陽ファルマ,ﾀｲﾖｳﾌｱ,太陽ファルマ,タイヨウファルマ
MK,00928,0,堀江生薬,ﾎﾘｴｼﾖｳ,堀江生薬,ホリエショウヤク
MK,00930,0,レコルダティ・レア・ディジーズ・ジャパン,ﾚｺﾙﾀﾞﾃ,レコルダティＲＤＪ,レコルダティレアディジーズジャパン
MK,00933,0,シオノギファーマ,ｼｵﾉｷﾞﾌ,シオノギファーマ,シオノギファーマ
MK,00934,0,Ａｌｎｙｌａｍ　Ｊａｐａｎ,ｱﾙﾅｲﾗﾑ,Ａｌｎｙｌａｍ・Ｊ,アルナイラムジャパン
MK,00937,0,シンバイオ製薬,ｼﾝﾊﾞｲｵ,シンバイオ製薬,シンバイオセイヤク
MK,00938,0,レオファーマ,ﾚｵﾌｱｰﾏ,レオファーマ,レオファーマ
MK,00939,0,ＧＥヘルスケアファーマ,ｼﾞｰｲｰﾍ,ＧＥヘルスケアＰ,ジーイーヘルスケアファーマ
MK,00940,0,サンノーバ,ｻﾝﾉｰﾊﾞ,サンノーバ,サンノーバ
MK,00942,0,インスメッド,ｲﾝｽﾒﾂﾄ,インスメッド,インスメッド
MK,00945,0,日本セルヴィエ,ﾆﾎﾝｾﾙｳ,日本セルヴィエ,ニホンセルヴィエ
MK,00946,0,ステラファーマ,ｽﾃﾗﾌｱｰ,ステラファーマ,ステラファーマ
MK,00947,0,アムジェン,ｱﾑｼﾞｴﾝ,アムジェン,アムジェン
MK,00948,0,ＡＳＰＪａｐａｎ,ｴｲｴｽﾋﾟ,ＡＳＰＪａｐａｎ,エイエスピージャパン
MK,00950,0,楽天メディカル,ﾗｸﾃﾝﾒﾃ,楽天メディカル,ラクテンメディカル
MK,00954,0,オルガノン,ｵﾙｶﾞﾉﾝ,オルガノン,オルガノン
MK,00957,0,インサイト・バイオサイエンシズ・ジャパン,ｲﾝｻｲﾄﾊ,インサイト・Ｂ・Ｊ,インサイトバイオサイエンシズジャパン
MK,00960,0,藤永製薬,ﾌｼﾞﾅｶﾞ,藤永製薬,フジナガセイヤク
MK,00962,0,アルジェニクスジャパン,ｱﾙｼﾞｴﾆ,アルジェニクスＪ,アルジェニクスジャパン
MK,00963,0,ファーマエッセンシアジャパン,ﾌｱｰﾏｴﾂ,ファーマエッセンシア,ファーマエッセンシアジャパン
MK,00965,0,ネクセラファーマジャパン,ﾈｸｾﾗﾌｱ,ネクセラＰＪ,ネクセラファーマジャパン
MK,00966,0,ジェンマブ,ｼﾞｴﾝﾏﾌ,ジェンマブ,ジェンマブ
MK,00968,0,インテグラル,ｲﾝﾃｸﾞﾗ,インテグラル,インテグラル
MK,00969,0,協和キリン富士フイルムバイオロジクス,ｷﾖｳﾜｷﾘ,協和キリン富士ＦＢ,キョウワキリンフジフイルムバイオロジクス
MK,00971,0,東レ,ﾄｳﾚ,東レ,トウレ
MK,00975,0,Ｍｅｄｉｃａｌ　Ｐａｒｋｌａｎｄ,ﾒﾃﾞｲｶﾙ,Ｍｅｄｉｃａｌ　Ｐ,メディカルパークランド
MK,00976,0,ＰＤＲファーマ,ﾋﾟｰﾃﾞｲ,ＰＤＲファーマ,ピーディーアールファーマ
MK,00977,0,Ｈａｌｅｏｎジャパン,ﾍｲﾘｵﾝｼ,Ｈａｌｅｏｎジャパン,ヘイリオンジャパン
MK,00978,0,天藤製薬,ｱﾏﾄｳｾｲ,天藤製薬,アマトウセイヤク
MK,00979,0,Ｕｌｔｒａｇｅｎｙｘ　Ｊａｐａｎ,ｳﾙﾄﾗｼﾞ,Ｕｌｔｒａｇｅｎｙｘ,ウルトラジェニクス
MK,00980,0,ラインファーマ,ﾗｲﾝﾌｱｰ,ラインファーマ,ラインファーマ
MK,00981,0,ブラッコ・ジャパン,ﾌﾞﾗﾂｺｼ,ブラッコ・ジャパン,ブラッコジャパン
MK,00982,0,モデルナ・ジャパン,ﾓﾃﾞﾙﾅｼ,モデルナ・ジャパン,モデルナジャパン
MK,00987,0,興和ＡＧファーマ,ｺｳﾜｴｰｼ,興和ＡＧファーマ,コウワエージーファーマ
MK,00994,0,チェプラファーム,ﾁｴﾌﾟﾗﾌ,チェプラファーム,チェプラファーム
MK,00995,0,リジェネロン・ジャパン,ﾘｼﾞｴﾈﾛ,リジェネロン・Ｊ,リジェネロンジャパン
MK,00996,0,バクスター・ジャパン,ﾊﾞｸｽﾀｰ,バクスター・ジャパン,バクスタージャパン
MK,00998,0,ＢｅｉＧｅｎｅ　Ｊａｐａｎ,ﾍﾞｲｼﾞｰ,ＢｅｉＧｅｎｅ・Ｊ,ベイジーンジャパン
MK,00999,0,ダイドーファーマ,ﾀﾞｲﾄﾞｰ,ダイドーファーマ,ダイドーファーマ
MK,10016,0,シオエ製薬,ｼｵｴｾｲﾔ,シオエ製薬,シオエセイヤク
MK,10025,0,ネオ製薬工業,ﾈｵｾｲﾔｸ,ネオ製薬工業,ネオセイヤクコウギョウ
MK,10027,0,ビオフェルミン製薬,ﾋﾞｵﾌｴﾙ,ビオフェルミン,ビオフェルミンセイヤク
MK,10029,0,ブラッコ・エーザイ,ﾌﾞﾗﾂｺｴ,ブラッコ・エーザイ,ブラッコエーザイ
MK,10034,0,田村薬品工業,ﾀﾑﾗﾔｸﾋ,田村薬品工業,タムラヤクヒンコウギョウ
MK,10036,0,薬師製薬,ﾔｸｼｾｲﾔ,薬師製薬,ヤクシセイヤク
MK,10042,0,リードケミカル,ﾘｰﾄﾞｹﾐ,リードケミカル,リードケミカル
MK,10044,0,ローマン工業,ﾛｰﾏﾝｺｳ,ローマン,ローマンコウギョウ
MK,10046,0,富士フイルムワコーケミカル,ﾌｼﾞﾌｲﾙ,富士フイルムワコーＣ,フジフイルムワコーケミカル
MK,10049,0,ＩＬＳ,ｱｲｴﾙｴｽ,ＩＬＳ,アイエルエス
MK,10051,0,岡山大鵬薬品,ｵｶﾔﾏﾀｲ,岡山大鵬,オカヤマタイホウヤクヒン
MK,10054,0,吉田養真堂,ﾖｼﾀﾞﾖｳ,吉田養真堂,ヨシダヨウシンドウ
MK,10056,0,救急薬品工業,ｷﾕｳｷﾕｳ,救急薬品工業,キュウキュウヤクヒンコウギョウ
MK,10058,0,協和医療開発,ｷﾖｳﾜｲﾘ,協和医療開発,キョウワイリョウカイハツ
MK,10060,0,恵美須薬品化工,ｴﾋﾞｽｶｺ,恵美須化工,エビスカコウ
MK,10063,0,クレハ,ｸﾚﾊ,クレハ,クレハ
MK,10065,0,阪大微生物病研究会,ﾊﾝﾀﾞｲﾋ,阪大微研,ハンダイビケン
MK,10067,0,ニプロパッチ,ﾆﾌﾟﾛﾊﾟ,ニプロパッチ,ニプロパッチ
MK,10068,0,三栄製薬,ｻﾝｴｲｾｲ,三栄製薬,サンエイセイヤク
MK,10071,0,三友薬品,ｻﾝﾕｳﾔｸ,三友薬品,サンユウヤクヒン
MK,10075,0,住友精化,ｽﾐﾄﾓｾｲ,住友精化,スミトモセイカ
MK,10077,0,小西利七商店,ｺﾆｼﾘｼﾁ,小西利七商店,コニシリシチショウテン
MK,10082,0,昭和電工,ｼﾖｳﾜﾃﾞ,昭和電工,ショウワデンコウ
MK,10085,0,新生薬品工業,ｼﾝｾｲﾔｸ,新生薬工,シンセイヤクヒンコウギョウ
MK,10093,0,大協薬品工業,ﾀﾞｲｷﾖｳ,大協薬工,ダイキョウヤクヒンコウギョウ
MK,10100,0,帝國漢方製薬,ﾃｲｺｸｶﾝ,帝國漢方,テイコクカンポウセイヤク
MK,10101,0,天藤製薬,ｱﾏﾄｳｾｲ,天藤,アマトウセイヤク
MK,10105,0,東亜合成,ﾄｳｱｺﾞｳ,東亜合成,トウアゴウセイ
MK,10106,0,東亜薬品工業,ﾄｳｱﾔｸﾋ,東亜薬工,トウアヤクヒンコウギョウ
MK,10108,0,東海カプセル,ﾄｳｶｲｶﾌ,東海カプセル,トウカイカプセル
MK,10109,0,東京エム・アイ商会,ﾄｳｷﾖｳｴ,東京ＭＩ商会,トウキョウエムアイショウカイ
MK,10111,0,東興薬品工業,ﾄｳｺｳﾔｸ,東興薬工,トウコウヤクヒンコウギョウ
MK,10113,0,東洋漢方製薬,ﾄｳﾖｳｶﾝ,東洋漢方,トウヨウカンポウセイヤク
MK,10115,0,日健メディカル,ﾆﾂｹﾝﾒﾃ,日健メディカル,ニッケンメディカル
MK,10119,0,日東薬品工業,ﾆﾂﾄｳﾔｸ,日東薬工,ニットウヤクヒンコウギョウ
MK,10121,0,日本アルツ製薬,ﾆﾎﾝｱﾙﾂ,日本アルツ製薬,ニホンアルツセイヤク
MK,10123,0,日本たばこ産業,ﾆﾎﾝﾀﾊﾞ,日本たばこ産業,ニホンタバコサンギョウ
MK,10128,0,日本粉末薬品,ﾆﾎﾝﾌﾝﾏ,日本粉末,ニホンフンマツヤクヒン
MK,10129,0,白水貿易,ﾊｸｽｲﾎﾞ,白水貿易,ハクスイボウエキ
MK,10131,0,富士化学工業,ﾌｼﾞｶｶﾞ,富士化学,フジカガクコウギョウ
MK,10132,0,武州製薬,ﾌﾞｼﾕｳｾ,武州製薬,ブシュウセイヤク
MK,10133,0,伏見製薬所,ﾌｼﾐｾｲﾔ,伏見製薬所,フシミセイヤクショ
MK,10140,0,立川製薬,ﾀﾃｶﾜｾｲ,立川製薬,タテカワセイヤク
MK,10144,0,東菱薬品工業,ﾄｳﾋﾞｼﾔ,東菱薬品工業,トウビシヤクヒンコウギョウ
MK,10162,0,東亜薬品,ﾄｳｱﾔｸﾋ,東亜薬品,トウアヤクヒン
MK,10166,0,日清ファルマ,ﾆﾂｼﾝﾌｱ,日清ファルマ,ニッシンファルマ
MK,10167,0,大和薬品工業,ﾀﾞｲﾜﾔｸ,大和薬品,ダイワヤクヒンコウギョウ
MK,10171,0,アボットジャパン,ｱﾎﾞﾂﾄｼ,（４３９：アボット）,アボットジャパン
MK,10172,0,エア・ウォーター,ｴｱｳｵｰﾀ,エア・ウォーター,エアウォーター
MK,10175,0,堀江生薬,ﾎﾘｴｼﾖｳ,堀江生薬,ホリエショウヤク
MK,10177,0,東レ,ﾄｳﾚ,東レ,トウレ
MK,10178,0,日本養蜂,ﾆﾎﾝﾖｳﾎ,日本養蜂,ニホンヨウホウ
MK,10182,0,クラシエ製薬,ｸﾗｼｴｾｲ,クラシエ製薬,クラシエセイヤク
MK,10183,0,ベネシス,ﾍﾞﾈｼｽ,ベネシス,ベネシス
MK,10185,0,康和薬通,ｺｳﾜﾔｸﾂ,康和薬通,コウワヤクツウ
MK,10187,0,雪印メグミルク,ﾕｷｼﾞﾙｼ,雪印メグミルク,ユキジルシメグミルク
MK,10189,0,資生堂,ｼｾｲﾄﾞｳ,資生堂,シセイドウ
MK,10190,0,北里研究所,ｷﾀｻﾄｹﾝ,北里研究所,キタサトケンキュウショ
MK,10193,0,国産薬品工業,ｺｸｻﾝﾔｸ,国産薬品工業,コクサンヤクヒンコウギョウ
MK,10195,0,アステラス静岡,ｱｽﾃﾗｽｼ,アステラス静岡,アステラスシズオカ
MK,10196,0,アステラス富山,ｱｽﾃﾗｽﾄ,アステラス富山,アステラストヤマ
MK,10197,0,エア・ウォーター・リアライズ,ｴｱｳｵｰﾀ,エアウォーターＲ,エアウォーターリアライズ
MK,10199,0,日本家庭用塩,ﾆﾎﾝｶﾃｲ,日本家庭用塩,ニホンカテイヨウエン
MK,10200,0,小島漢方,ｺｼﾞﾏｶﾝ,小島漢方,コジマカンポウ
MK,10201,0,ロートニッテンファーマ,ﾛｰﾄﾆﾂﾃ,ロートニッテンＰ,ロートニッテンファーマ
MK,10203,0,鶴居薬品工業,ﾂﾙｲﾔｸﾋ,鶴居薬品工業,ツルイヤクヒンコウギョウ
MK,10208,0,トライックス,ﾄﾗｲﾂｸｽ,トライックス,トライックス
MK,10209,0,メドレックス,ﾒﾄﾞﾚﾂｸ,メドレックス,メドレックス
MK,10210,0,先端医学薬学研究センター,ｾﾝﾀﾝｲｶ,先端医薬研究センター,センタンイガクヤクガクケンキュウセンター
MK,10212,0,ハクゾウメディカル,ﾊｸｿﾞｳﾒ,ハクゾウメディカル,ハクゾウメディカル
MK,10213,0,森田薬品工業,ﾓﾘﾀﾔｸﾋ,森田薬品工業,モリタヤクヒンコウギョウ
MK,10214,0,日東電工,ﾆﾂﾄｳﾃﾞ,日東電工,ニットウデンコウ
MK,10217,0,ＧＥヘルスケア,ｼﾞｰｲｰﾍ,ＧＥヘルスケア,ジーイーヘルスケア
MK,10220,0,星医療酸器,ﾎｼｲﾘﾖｳ,星医療酸器,ホシイリョウサンキ
MK,10221,0,松葉薬品,ﾏﾂﾊﾞﾔｸ,松葉薬品,マツバヤクヒン
MK,10223,0,エッセンシャルファーマ,ｴﾂｾﾝｼﾔ,エッセンシャルＰ,エッセンシャルピー
MK,10225,0,小林薬学工業,ｺﾊﾞﾔｼﾔ,小林薬学,コバヤシヤクガクコウギョウ
MK,10226,0,日医工ファーマ,ﾆﾁｲｺｳﾌ,日医工ファーマ,ニチイコウファーマ
MK,10228,0,田辺三菱製薬工場,ﾀﾅﾍﾞﾐﾂ,田辺三菱製薬工場,タナベミツビシセイヤクコウジョウ
MK,10229,0,ヴィーブヘルスケア,ｳﾞｲｰﾌﾞ,ヴィーブヘルスケア,ヴィーブヘルスケア
MK,10230,0,第一三共エスファ,ﾀﾞｲｲﾁｻ,第一三共エスファ,ダイイチサンキョウエスファ
MK,10231,0,ライオン歯科材,ﾗｲｵﾝｼｶ,ライオン歯科材,ライオンシカザイ
MK,10233,0,シンバイオ製薬,ｼﾝﾊﾞｲｵ,シンバイオ製薬,シンバイオセイヤク
MK,10234,0,富士フイルムメディカル,ﾌｼﾞﾌｲﾙ,富士フイルムメディカ,フジフイルムメディカル
MK,10236,0,たまエンタープライズ,ﾀﾏｴﾝﾀｰ,たまエンタープライズ,タマエンタープライズ
MK,10237,0,北里第一三共ワクチン,ｷﾀｻﾞﾄﾀ,北里第一三共ワクチン,キタザトダイイチサンキョウ
MK,10238,0,そーせい,ｿｰｾｲ,そーせい,ソーセイ
MK,10239,0,オオサキメディカル,ｵｵｻｷﾒﾃ,オオサキメディカル,オオサキメディカル
MK,10240,0,日本マイクロバイオファーマ,ﾆﾎﾝﾏｲｸ,日本マイクロバイオ,ニホンマイクロバイオ
MK,10242,0,あすかＡｃｔａｖｉｓ製薬,ｱｽｶｱｸﾀ,あすかＡｃ,アスカアクタビスセイヤク
MK,10243,0,セオリアファーマ,ｾｵﾘｱﾌｱ,セオリアファーマ,セオリアファーマ
MK,10245,0,スキャンポファーマ,ｽｷﾔﾝﾎﾟ,スキャンポファーマ,スキャンポファーマ
MK,10246,0,エイワイファーマ,ｴｲﾜｲﾌｱ,エイワイファーマ,エイワイファーマ
MK,10250,0,サンデンタル,ｻﾝﾃﾞﾝﾀ,サンデンタル,サンデンタル
MK,10252,0,レオファーマ,ﾚｵﾌｱｰﾏ,レオファーマ,レオファーマ
MK,10253,0,持田製薬販売,ﾓﾁﾀﾞｾｲ,持田製薬販売,モチダセイヤクハンバイ
MK,10254,0,中嶋生薬,ﾅｶｼﾞﾏｼ,中嶋生薬,ナカジマショウヤク
MK,10255,0,昭和製薬,ｼﾖｳﾜｾｲ,昭和製薬,ショウワセイヤク
MK,10257,0,アムジェン,ｱﾑｼﾞｴﾝ,アムジェン,アムジェン
MK,10258,0,トーヨーケム,ﾄｰﾖｰｹﾑ,トーヨーケム,トーヨーケム
MK,10259,0,グラクソ・スミスクラインＣＨＪ,ｸﾞﾗｸｿｽ,ＧＳＫＣＨＪ,グラクソスミスクラインコンシューマーヘルスケアジャパン
MK,10260,0,浜理薬品工業,ﾊﾏﾘﾔｸﾋ,浜理薬品工業,ハマリヤクヒン
MK,10261,0,日産化学,ﾆﾂｻﾝｶｶ,日産化学,ニッサンカガク
MK,10262,0,シー・エイチ・オー新薬,ｼｰｴｲﾁｵ,ＣＨＯ新薬,シーエイチオーシンヤク
MK,10263,0,サンノーバ,ｻﾝﾉｰﾊﾞ,サンノーバ,サンノーバ
MK,10264,0,ニプロファーマ,ﾆﾌﾟﾛﾌｱ,ニプロファーマ,ニプロファーマ
MK,10265,0,日本液炭,ﾆﾎﾝｴｷﾀ,日本液炭,ニホンエキタン
MK,10266,0,みらいファーマ,ﾐﾗｲﾌｱｰ,みらいファーマ,ミライファーマ
MK,10267,0,グラフィコ,ｸﾞﾗﾌｲｺ,グラフィコ,グラフィコ
MK,10268,0,参天アイケア,ｻﾝﾃﾝｱｲ,参天アイケア,サンテンアイケア
MK,10269,0,小財家興産,ｺｻﾞｲｹｺ,小財家興産,コザイケコウサン
MK,10270,0,ＳＫＩファーマ,ｴｽｹｰｱｲ,ＳＫＩファーマ,エスケーアイファーマ
MK,10271,0,ＹＬバイオロジクス,ﾜｲｴﾙﾊﾞ,ＹＬバイオロジクス,ワイエルバイオロジクス
MK,10272,0,協和キリンフロンティア,ｷﾖｳﾜｷﾘ,協和キリンＦ,キョウワキリンフロンティア
MK,10273,0,ジーシー,ｼﾞｰｼｰ,ジーシー,ジーシー
MK,10274,0,モレーンコーポレーション,ﾓﾚｰﾝ,モレーン,モレーン
MK,10275,0,ソルベンタムイノベーション,ｿﾙﾍﾞﾝﾀ,ソルベンタムＩ,ソルベンタムイノベーション
MK,10276,0,ファイザーＵＰＪ,ﾌｱｲｻﾞｰ,ファイザーＵＰＪ,ファイザーユーピージェイ
MK,10277,0,協和キリン富士フイルムバイオロジクス,ｷﾖｳﾜｷﾘ,協和キリン富士ＦＢ,キョウワキリンフジフイルムバイオロジクス
MK,10278,0,エルメッド,ｴﾙﾒﾂﾄﾞ,エルメッド,エルメッド
MK,10279,0,コーアバイオテックベイ,ｺｰｱﾊﾞｲ,コーアバイオテック,コーアバイオテック
MK,10280,0,住友ファーマプロモ,ｽﾐﾄﾓﾌｱ,住友ファーマプロモ,スミトモファーマプロモ
MK,10281,0,日医工岐阜工場,ﾆﾁｲｺｳｷ,日医工岐阜工場,ニチイコウギフコウジョウ
MK,10282,0,Ｈｕｙａ　Ｊａｐａｎ,ﾌﾔｼﾞﾔﾊ,Ｈｕｙａ　Ｊａｐａｎ,フヤジャパン
MK,10284,0,ソレイジア・ファーマ,ｿﾚｲｼﾞｱ,ソレイジア・ファーマ,ソレイジアファーマ
MK,10285,0,ブリオファーマ,ﾌﾞﾘｵﾌｱ,ブリオファーマ,ブリオファーマ
MK,10286,0,秋田屋本店,ｱｷﾀﾔﾎﾝ,秋田屋本店,アキタヤホンテン
MK,10288,0,Ｓｏｂｉ,ｿﾋﾞ,Ｓｏｂｉ,ソビ
MK,10289,0,エア・ウォーター・メディカル,ｴｱｳｵｰﾀ,エア・ウォーター・Ｍ,エアウォーターメディカル
MK,10290,0,クラシエ,ｸﾗｼｴ,クラシエ,クラシエ
MK,10291,0,ブリストル・マイヤーズ　スクイブ販売,ﾌﾞﾘｽﾄﾙ,ブリストルＭＳ販売,ブリストルマイヤーズスクイブ
MK,10292,0,高田ヘルスケアソリューションズ,ﾀｶﾀﾍﾙｽ,高田ヘルスケアＳ,タカタヘルスケア
MK,10294,0,シュルケ・ジャパン,ｼﾕﾙｹｼﾞ,シュルケ・ジャパン,シュルケジャパン
MK,10295,0,海和製薬,ﾊｲﾍｾｲﾔ,海和製薬,ハイヘセイヤク
MK,10296,0,ｉＮｏｖａ　Ｐｈａｒｍａｃｅｕｔｉｃａｌｓ　Ｊａｐａｎ,ｱｲﾉｳﾞｱ,ｉＮｏｖａ,アイノヴァファーマスーティカルズジャパン
MK,10297,0,キエジ・ファーマ・ジャパン,ｷｴｼﾞﾌｱ,キエジ・ファーマ・Ｊ,キエジファーマジャパン
MK,10298,0,オリオンファーマ・ジャパン,ｵﾘｵﾝﾌｱ,オリオンファーマ・Ｊ,オリオンファーマジャパン
MK,10299,0,バイエルライフサイエンス,ﾊﾞｲｴﾙﾗ,バイエルライフＳ,バイエルライフサイエンス
MK,10300,0,グローバルレギュラトリーパートナーズ,ｸﾞﾛｰﾊﾞ,ＧＲＰ,グローバルレギュラトリーパートナーズ
